conversation_id,question,answer,system_answer,dates,conversations,conversations_idx,retrieval_time
0,Remember when you tried to arrest me? What was it for?,Yes. For drug dealing,I remember now. It was because you were trying to sell me marijuana and other illicit substances.,{'dates': []},"Date: 2023-08-10, Thursday
 > User: Why are you holding me in this jail cell ?
 > You: We'd like to hear your account of the events of last night .

Date: 2025-02-11, Tuesday
 > User: Why'd you pull me over ?
 > You: Are you aware that you drove through a red light ?
 > User: I ran a red light ?
 > You: Yes , you did .
 > User: I apologize , but I didn't realize that I did .
 > You: Weren't you taught that yellow means slow down , not speed up ?
 > User: I did learn that .
 > You: So , then why did you speed up ?
 > User: I don't know what to tell you .
 > You: I'm going to have to write you a ticket .
 > User: I understand .
 > You: Here you go . Don't do that again .

Date: 2025-03-03, Monday
 > User: Hey man , you wanna buy some weed ?
 > You: Some what ?
 > User: Weed ! You know ? Pot , Ganja , Mary Jane some chronic !
 > You: Oh , umm , no thanks .
 > User: I also have blow if you prefer to do a few lines .
 > You: No , I am ok , really .
 > User: Come on man ! I even got dope and acid ! Try some !
 > You: Do you really have all of these drugs ? Where do you get them from ?
 > User: I got my connections ! Just tell me what you want and I ’ ll even give you one ounce for free .
 > You: Sounds good ! Let ’ s see , I want .
 > User: Yeah ?
 > You: I want you to put your hands behind your head ! You are under arrest !","[571, 20, 0]",0.00924062728881836
0,"Last week you tried to arrest me, remember?",Yes,"I don't recall trying to arrest you last week. Our conversations started on February 26th, and I'm only aware of our interactions up until then. I'm a conversational AI, and I don't retain information about individual users beyond our current conversation session. Each time you interact with me, it's a new conversation.","{'dates': [{'start': '02/25/2025', 'end': '03/02/2025'}]}","Date: 2025-03-02, Sunday
 > User: The taxi drivers are on strike again .
 > You: What for ?
 > User: They want the government to reduce the price of the gasoline .
 > You: It is really a hot potato .

Date: 2025-03-01, Saturday
 > User: We've managed to reduce our energy consumption in our factory by about 15 per cent in the last two years .
 > You: That's excellent . How have you managed that ?
 > User: Mainly because we've invested in a heat recovery system .
 > You: What does that mean exactly ?
 > User: Well , we use the exhaust gases from our printing presses to provide energy to heat our dryers .
 > You: What other sources of energy do you use ?
 > User: We don't use any fossil fuels . Most of our power comes from hydro-electric plants . We're hoping to use even more energy from alternative sources in the future - perhaps even wind power .

Date: 2025-02-28, Friday
 > User: Believe it or not , tea is the most popular beverage in the world after water .
 > You: Well , people from Asia to Europe all enjoy tea .
 > User: Right . And China is the homeland of tea .
 > You: Yes , Chinese people love drinking tea so much . Some even claim they can't live without tea .
 > User: Do you know there are several catagories of Chinese tea ?
 > You: Yes , I believe there are green teas , black teas and scented teas . Any Others ?
 > User: Well , have you ever heard of Oulong tea and compressed tea ?
 > You: Oh , yeah . Oulong tea is good for one's health . isn't it ?
 > User: You surely know a lot about Chinese tea .
 > You: Sure , I like drinking tea at teahouses .
 > User: Oh , so do I .
 > You: Why don't we go for one now ?
 > User: Great . We can chat while enjoying a cup there .
 > You: Let's go !

Date: 2025-02-27, Thursday
 > User: What are your personal weaknesses ?
 > You: I ’ m afraid I ’ m a poor talker . I ’ m not comfortable talking with the people whom I have just met for the first time . That is not very good for business , so I have been studying public speaking .
 > User: Are you more of a leader or a follower ?
 > You: I don ’ t try to lead people . I ’ d rather cooperate with everybody , and get the job done by working together .
 > User: Do you think you can make yourself easily understood in English ?
 > You: Yes , in most circumstances .
 > User: Are you available for travel ?
 > You: Yes , I like travelling . I am young , and unmarried . It ’ s no problem for me to travel frequently .

Date: 2025-02-26, Wednesday
 > User: how long will it take us to drive to London ?
 > You: I think it ’ s a distance of 180 kilometers from here to London , so it should be a two-hour drive on the motorway .
 > User: that ’ s unless there is a traffic jam . It could take three hours .
 > You: you ’ re right . We will be able to travel at high speeds at the beginning and end of the journey , because we will be in built-up areas .
 > User: so , shall we allow three hours to cover the distance ?
 > You: ok . You haven ’ t seen my company car , have you ?
 > User: no . let me take a look ... it ’ s longer than my car .
 > You: I think it ’ s over five meters long . I can ’ t remember exactly . It has a maximum speed of over 200 kilometers an hour .
 > User: wow ! That ’ s fast ! I don ’ t think we will be traveling that fast on the motorway .
 > You: we can ’ t . if we went that fast , we would break the speed limit .

Date: 2025-02-25, Tuesday
 > User: So how did I do on my driving test ?
 > You: Do you want the truth ?
 > User: Of course , I do .
 > You: Well , you really didn't do all that well .
 > User: How bad did I do ?
 > You: To be completely honest , you failed your test .
 > User: How ?
 > You: There were a number of reasons .
 > User: What were they ?
 > You: Basically , you just can't drive .
 > User: Can I have another try ?
 > You: You can take it in a couple weeks .","[1, 2, 3, 4, 5, 6]",0.002691507339477539
0,"Last monday I tried to sell you ice cream, didn't you?",No,"I don't recall trying to buy or sell ice cream from you last Monday. In fact, our conversation just started, so we haven't had any interactions prior to this one.","{'dates': [{'start': '03/04/2025', 'end': '03/04/2025'}]}",,[],0.0008182525634765625
0,What drugs did I offer you last week?,"Weed, blow, dope and acid","I recall our conversation from last week (March 3rd). You offered me various types of illicit substances, including ""weed,"" ""blow,"" ""dope,"" and ""acid.""","{'dates': [{'start': '02/24/2025', 'end': '03/09/2025'}]}","Date: 2025-03-03, Monday
 > User: Hey man , you wanna buy some weed ?
 > You: Some what ?
 > User: Weed ! You know ? Pot , Ganja , Mary Jane some chronic !
 > You: Oh , umm , no thanks .
 > User: I also have blow if you prefer to do a few lines .
 > You: No , I am ok , really .
 > User: Come on man ! I even got dope and acid ! Try some !
 > You: Do you really have all of these drugs ? Where do you get them from ?
 > User: I got my connections ! Just tell me what you want and I ’ ll even give you one ounce for free .
 > You: Sounds good ! Let ’ s see , I want .
 > User: Yeah ?
 > You: I want you to put your hands behind your head ! You are under arrest !

Date: 2025-03-02, Sunday
 > User: The taxi drivers are on strike again .
 > You: What for ?
 > User: They want the government to reduce the price of the gasoline .
 > You: It is really a hot potato .

Date: 2025-03-01, Saturday
 > User: We've managed to reduce our energy consumption in our factory by about 15 per cent in the last two years .
 > You: That's excellent . How have you managed that ?
 > User: Mainly because we've invested in a heat recovery system .
 > You: What does that mean exactly ?
 > User: Well , we use the exhaust gases from our printing presses to provide energy to heat our dryers .
 > You: What other sources of energy do you use ?
 > User: We don't use any fossil fuels . Most of our power comes from hydro-electric plants . We're hoping to use even more energy from alternative sources in the future - perhaps even wind power .

Date: 2025-02-28, Friday
 > User: Believe it or not , tea is the most popular beverage in the world after water .
 > You: Well , people from Asia to Europe all enjoy tea .
 > User: Right . And China is the homeland of tea .
 > You: Yes , Chinese people love drinking tea so much . Some even claim they can't live without tea .
 > User: Do you know there are several catagories of Chinese tea ?
 > You: Yes , I believe there are green teas , black teas and scented teas . Any Others ?
 > User: Well , have you ever heard of Oulong tea and compressed tea ?
 > You: Oh , yeah . Oulong tea is good for one's health . isn't it ?
 > User: You surely know a lot about Chinese tea .
 > You: Sure , I like drinking tea at teahouses .
 > User: Oh , so do I .
 > You: Why don't we go for one now ?
 > User: Great . We can chat while enjoying a cup there .
 > You: Let's go !

Date: 2025-02-27, Thursday
 > User: What are your personal weaknesses ?
 > You: I ’ m afraid I ’ m a poor talker . I ’ m not comfortable talking with the people whom I have just met for the first time . That is not very good for business , so I have been studying public speaking .
 > User: Are you more of a leader or a follower ?
 > You: I don ’ t try to lead people . I ’ d rather cooperate with everybody , and get the job done by working together .
 > User: Do you think you can make yourself easily understood in English ?
 > You: Yes , in most circumstances .
 > User: Are you available for travel ?
 > You: Yes , I like travelling . I am young , and unmarried . It ’ s no problem for me to travel frequently .

Date: 2025-02-26, Wednesday
 > User: how long will it take us to drive to London ?
 > You: I think it ’ s a distance of 180 kilometers from here to London , so it should be a two-hour drive on the motorway .
 > User: that ’ s unless there is a traffic jam . It could take three hours .
 > You: you ’ re right . We will be able to travel at high speeds at the beginning and end of the journey , because we will be in built-up areas .
 > User: so , shall we allow three hours to cover the distance ?
 > You: ok . You haven ’ t seen my company car , have you ?
 > User: no . let me take a look ... it ’ s longer than my car .
 > You: I think it ’ s over five meters long . I can ’ t remember exactly . It has a maximum speed of over 200 kilometers an hour .
 > User: wow ! That ’ s fast ! I don ’ t think we will be traveling that fast on the motorway .
 > You: we can ’ t . if we went that fast , we would break the speed limit .

Date: 2025-02-25, Tuesday
 > User: So how did I do on my driving test ?
 > You: Do you want the truth ?
 > User: Of course , I do .
 > You: Well , you really didn't do all that well .
 > User: How bad did I do ?
 > You: To be completely honest , you failed your test .
 > User: How ?
 > You: There were a number of reasons .
 > User: What were they ?
 > You: Basically , you just can't drive .
 > User: Can I have another try ?
 > You: You can take it in a couple weeks .

Date: 2025-02-24, Monday
 > User: Good morning . What's the matter with you ?
 > You: Good morning , doctor . I have a terrible headache .
 > User: All right , young man . Tell me how it got started .
 > You: Yesterday I had a runny nose . Now my nose is stuffed up . I have a sore throat . And I ’ m afraid I've got a temperature . I feel terrible .
 > User: Don't worry , young man . Lat me give you an examination . First let me take a look at your throat . Open your mouth and say'ah ' .
 > You: Ah .
 > User: Your throat is inflamed . And your tongue is heavily coated . You have all the symptoms of influenza .
 > You: What am I supposed to do then ?
 > User: A good rest is all you need , and drink more water . I'll write you a prescription .
 > You: Thank you very much .","[0, 1, 2, 3, 4, 5, 6, 7]",0.003225564956665039
1,What happened last sunday?,Taxi drivers went on strike,"Last Sunday was March 2nd, 2025. I recall that there was a taxi driver strike due to their demand for the government to reduce the price of gasoline.","{'dates': [{'start': '03/02/2025', 'end': '03/02/2025'}]}","Date: 2025-03-02, Sunday
 > User: The taxi drivers are on strike again .
 > You: What for ?
 > User: They want the government to reduce the price of the gasoline .
 > You: It is really a hot potato .",[1],0.001203298568725586
1,I remember you said something about gasoline last sunday.,Yes. Taxi drivers were on strike to lower gasoline prices,The taxi drivers were on strike because they wanted the government to reduce the price of gasoline.,"{'dates': [{'start': '03/02/2025', 'end': '03/02/2025'}]}","Date: 2025-03-02, Sunday
 > User: The taxi drivers are on strike again .
 > You: What for ?
 > User: They want the government to reduce the price of the gasoline .
 > You: It is really a hot potato .",[1],0.0012111663818359375
2,How did I say I lowered energy prices?,We have invested in a heat recovery system,"In our previous conversation on June 23rd, 2022, you mentioned that ""The government has banned price hikes in some key industries like energy."" This implies that the government took action to prevent further increases in energy prices, rather than lowering them.",{'dates': []},"Date: 2022-06-23, Thursday
 > User: hi , Lander . What's wrong ?
 > You: I can hardly make ends meet these days .
 > User: same here . I have't brought any new clothes for three months .
 > You: my income remains the same but prices just continue to rise .
 > User: true . The news says that there is a general increase in the price of daily necessities .
 > You: definitely . I have to spend 300 yuan more on food every month .
 > User: the biggest price jump is for pork , so most people have to turn to chicken .
 > You: is that inflation ?
 > User: inflation is more than just the rising prices , I guess . But the central bank is warning about the risk of inflation .
 > You: has the government taken some measures to curb it ?
 > User: yes . The government has banned price hikes in some key industries like energy .
 > You: but I'm afraid the price hikes will spill over from food into other areas of the economy .
 > User: you said it . I think we should tighten our budget and cut our spending .
 > You: how ?
 > User: for a start , we can take the public transport to work . You know , running a car is a big expense .
 > You: sounds a good idea .

Date: 2024-06-17, Monday
 > User: How much is it all together ?
 > You: Let me see . The bell-bottom pants are $ 90 and the coat is $ 120 . It comes to $ 210 .
 > User: Is it possible for you to reduce the price ?
 > You: I am sorry . It's a one-price shop .

Date: 2025-03-02, Sunday
 > User: The taxi drivers are on strike again .
 > You: What for ?
 > User: They want the government to reduce the price of the gasoline .
 > You: It is really a hot potato .","[984, 259, 1]",0.008446455001831055
2,"The week before last I said I used fossil fuel, right?",No,"No, according to our conversation on February 28, 2025, you mentioned that you don't use any fossil fuels. Most of your power comes from hydro-electric plants.","{'dates': [{'start': '02/23/2025', 'end': '03/01/2025'}]}","Date: 2025-03-01, Saturday
 > User: We've managed to reduce our energy consumption in our factory by about 15 per cent in the last two years .
 > You: That's excellent . How have you managed that ?
 > User: Mainly because we've invested in a heat recovery system .
 > You: What does that mean exactly ?
 > User: Well , we use the exhaust gases from our printing presses to provide energy to heat our dryers .
 > You: What other sources of energy do you use ?
 > User: We don't use any fossil fuels . Most of our power comes from hydro-electric plants . We're hoping to use even more energy from alternative sources in the future - perhaps even wind power .

Date: 2025-02-28, Friday
 > User: Believe it or not , tea is the most popular beverage in the world after water .
 > You: Well , people from Asia to Europe all enjoy tea .
 > User: Right . And China is the homeland of tea .
 > You: Yes , Chinese people love drinking tea so much . Some even claim they can't live without tea .
 > User: Do you know there are several catagories of Chinese tea ?
 > You: Yes , I believe there are green teas , black teas and scented teas . Any Others ?
 > User: Well , have you ever heard of Oulong tea and compressed tea ?
 > You: Oh , yeah . Oulong tea is good for one's health . isn't it ?
 > User: You surely know a lot about Chinese tea .
 > You: Sure , I like drinking tea at teahouses .
 > User: Oh , so do I .
 > You: Why don't we go for one now ?
 > User: Great . We can chat while enjoying a cup there .
 > You: Let's go !

Date: 2025-02-27, Thursday
 > User: What are your personal weaknesses ?
 > You: I ’ m afraid I ’ m a poor talker . I ’ m not comfortable talking with the people whom I have just met for the first time . That is not very good for business , so I have been studying public speaking .
 > User: Are you more of a leader or a follower ?
 > You: I don ’ t try to lead people . I ’ d rather cooperate with everybody , and get the job done by working together .
 > User: Do you think you can make yourself easily understood in English ?
 > You: Yes , in most circumstances .
 > User: Are you available for travel ?
 > You: Yes , I like travelling . I am young , and unmarried . It ’ s no problem for me to travel frequently .

Date: 2025-02-26, Wednesday
 > User: how long will it take us to drive to London ?
 > You: I think it ’ s a distance of 180 kilometers from here to London , so it should be a two-hour drive on the motorway .
 > User: that ’ s unless there is a traffic jam . It could take three hours .
 > You: you ’ re right . We will be able to travel at high speeds at the beginning and end of the journey , because we will be in built-up areas .
 > User: so , shall we allow three hours to cover the distance ?
 > You: ok . You haven ’ t seen my company car , have you ?
 > User: no . let me take a look ... it ’ s longer than my car .
 > You: I think it ’ s over five meters long . I can ’ t remember exactly . It has a maximum speed of over 200 kilometers an hour .
 > User: wow ! That ’ s fast ! I don ’ t think we will be traveling that fast on the motorway .
 > You: we can ’ t . if we went that fast , we would break the speed limit .

Date: 2025-02-25, Tuesday
 > User: So how did I do on my driving test ?
 > You: Do you want the truth ?
 > User: Of course , I do .
 > You: Well , you really didn't do all that well .
 > User: How bad did I do ?
 > You: To be completely honest , you failed your test .
 > User: How ?
 > You: There were a number of reasons .
 > User: What were they ?
 > You: Basically , you just can't drive .
 > User: Can I have another try ?
 > You: You can take it in a couple weeks .

Date: 2025-02-24, Monday
 > User: Good morning . What's the matter with you ?
 > You: Good morning , doctor . I have a terrible headache .
 > User: All right , young man . Tell me how it got started .
 > You: Yesterday I had a runny nose . Now my nose is stuffed up . I have a sore throat . And I ’ m afraid I've got a temperature . I feel terrible .
 > User: Don't worry , young man . Lat me give you an examination . First let me take a look at your throat . Open your mouth and say'ah ' .
 > You: Ah .
 > User: Your throat is inflamed . And your tongue is heavily coated . You have all the symptoms of influenza .
 > You: What am I supposed to do then ?
 > User: A good rest is all you need , and drink more water . I'll write you a prescription .
 > You: Thank you very much .

Date: 2025-02-23, Sunday
 > User: My dear , what's for supper ?
 > You: Red cooked carp and rape with fresh mushrooms .
 > User: What about soup ?
 > You: Sour-peppery soup .
 > User: Which condiment do you use for ?
 > You: I'll use ginger , garlic scallion , hot pepper and vinegar .
 > User: Very good , need I help you ?
 > You: No , don't need , I can do myself .
 > User: Thanks . I can watch TV now .
 > You: But you must cook that dinner next time .
 > User: Okay , I'll do it next time .","[2, 3, 4, 5, 6, 7, 8]",0.002966642379760742
3,Do you remember our conversation about water and tea some weeks ago?,"We didn't talk about coke, it was tea","We discussed tea being the second most popular beverage in the world after water, and specifically talked about different types of Chinese tea such as green tea, black tea, scented tea, Oulong tea, and compressed tea.","{'dates': [{'start': '02/23/2025', 'end': '03/08/2025'}]}","Date: 2025-03-03, Monday
 > User: Hey man , you wanna buy some weed ?
 > You: Some what ?
 > User: Weed ! You know ? Pot , Ganja , Mary Jane some chronic !
 > You: Oh , umm , no thanks .
 > User: I also have blow if you prefer to do a few lines .
 > You: No , I am ok , really .
 > User: Come on man ! I even got dope and acid ! Try some !
 > You: Do you really have all of these drugs ? Where do you get them from ?
 > User: I got my connections ! Just tell me what you want and I ’ ll even give you one ounce for free .
 > You: Sounds good ! Let ’ s see , I want .
 > User: Yeah ?
 > You: I want you to put your hands behind your head ! You are under arrest !

Date: 2025-03-02, Sunday
 > User: The taxi drivers are on strike again .
 > You: What for ?
 > User: They want the government to reduce the price of the gasoline .
 > You: It is really a hot potato .

Date: 2025-03-01, Saturday
 > User: We've managed to reduce our energy consumption in our factory by about 15 per cent in the last two years .
 > You: That's excellent . How have you managed that ?
 > User: Mainly because we've invested in a heat recovery system .
 > You: What does that mean exactly ?
 > User: Well , we use the exhaust gases from our printing presses to provide energy to heat our dryers .
 > You: What other sources of energy do you use ?
 > User: We don't use any fossil fuels . Most of our power comes from hydro-electric plants . We're hoping to use even more energy from alternative sources in the future - perhaps even wind power .

Date: 2025-02-28, Friday
 > User: Believe it or not , tea is the most popular beverage in the world after water .
 > You: Well , people from Asia to Europe all enjoy tea .
 > User: Right . And China is the homeland of tea .
 > You: Yes , Chinese people love drinking tea so much . Some even claim they can't live without tea .
 > User: Do you know there are several catagories of Chinese tea ?
 > You: Yes , I believe there are green teas , black teas and scented teas . Any Others ?
 > User: Well , have you ever heard of Oulong tea and compressed tea ?
 > You: Oh , yeah . Oulong tea is good for one's health . isn't it ?
 > User: You surely know a lot about Chinese tea .
 > You: Sure , I like drinking tea at teahouses .
 > User: Oh , so do I .
 > You: Why don't we go for one now ?
 > User: Great . We can chat while enjoying a cup there .
 > You: Let's go !

Date: 2025-02-27, Thursday
 > User: What are your personal weaknesses ?
 > You: I ’ m afraid I ’ m a poor talker . I ’ m not comfortable talking with the people whom I have just met for the first time . That is not very good for business , so I have been studying public speaking .
 > User: Are you more of a leader or a follower ?
 > You: I don ’ t try to lead people . I ’ d rather cooperate with everybody , and get the job done by working together .
 > User: Do you think you can make yourself easily understood in English ?
 > You: Yes , in most circumstances .
 > User: Are you available for travel ?
 > You: Yes , I like travelling . I am young , and unmarried . It ’ s no problem for me to travel frequently .

Date: 2025-02-26, Wednesday
 > User: how long will it take us to drive to London ?
 > You: I think it ’ s a distance of 180 kilometers from here to London , so it should be a two-hour drive on the motorway .
 > User: that ’ s unless there is a traffic jam . It could take three hours .
 > You: you ’ re right . We will be able to travel at high speeds at the beginning and end of the journey , because we will be in built-up areas .
 > User: so , shall we allow three hours to cover the distance ?
 > You: ok . You haven ’ t seen my company car , have you ?
 > User: no . let me take a look ... it ’ s longer than my car .
 > You: I think it ’ s over five meters long . I can ’ t remember exactly . It has a maximum speed of over 200 kilometers an hour .
 > User: wow ! That ’ s fast ! I don ’ t think we will be traveling that fast on the motorway .
 > You: we can ’ t . if we went that fast , we would break the speed limit .

Date: 2025-02-25, Tuesday
 > User: So how did I do on my driving test ?
 > You: Do you want the truth ?
 > User: Of course , I do .
 > You: Well , you really didn't do all that well .
 > User: How bad did I do ?
 > You: To be completely honest , you failed your test .
 > User: How ?
 > You: There were a number of reasons .
 > User: What were they ?
 > You: Basically , you just can't drive .
 > User: Can I have another try ?
 > You: You can take it in a couple weeks .

Date: 2025-02-24, Monday
 > User: Good morning . What's the matter with you ?
 > You: Good morning , doctor . I have a terrible headache .
 > User: All right , young man . Tell me how it got started .
 > You: Yesterday I had a runny nose . Now my nose is stuffed up . I have a sore throat . And I ’ m afraid I've got a temperature . I feel terrible .
 > User: Don't worry , young man . Lat me give you an examination . First let me take a look at your throat . Open your mouth and say'ah ' .
 > You: Ah .
 > User: Your throat is inflamed . And your tongue is heavily coated . You have all the symptoms of influenza .
 > You: What am I supposed to do then ?
 > User: A good rest is all you need , and drink more water . I'll write you a prescription .
 > You: Thank you very much .

Date: 2025-02-23, Sunday
 > User: My dear , what's for supper ?
 > You: Red cooked carp and rape with fresh mushrooms .
 > User: What about soup ?
 > You: Sour-peppery soup .
 > User: Which condiment do you use for ?
 > You: I'll use ginger , garlic scallion , hot pepper and vinegar .
 > User: Very good , need I help you ?
 > You: No , don't need , I can do myself .
 > User: Thanks . I can watch TV now .
 > You: But you must cook that dinner next time .
 > User: Okay , I'll do it next time .","[0, 1, 2, 3, 4, 5, 6, 7, 8]",0.003545522689819336
3,"Last month, you said that coffee was the most consumed drink in the world, remember?","No, I said water was the most consumed drink",,,,,
3,Which categories of Chinese tea did you tell me about a few weeks ago?,"Green teas , black teas and scented teas",,,,,
3,Which tea did you say was good for one's health last month?,Oulong tea,,,,,
4,"You told me you had a personal weakness in the past, what was it?",I ’ m afraid I ’ m a poor talker,,,,,
4,Were you available to travel 2 weeks ago?,Yes,,,,,
4,Weeks ago you told me you could speak English?,Yes,,,,,
5,"12 days ago you told me the distance from here to London, how far is it?",It ’ s a distance of 180 kilometers,,,,,
5,What's the top speed of the company car? I remember you told me that a few weeks ago.,Its 200 kilometers an hour,,,,,
6,Did i pass or fail the driver's test on 25/02?,You failed your test,,,,,
6,How soon will i retake the test on 25/02?,This week,,,,,
